{
  "name": "Agile Lynxes",
  "players": {
    "1": {
      "proto": "RobocupRobot",
      "robotStartCmd": "TODO: docker pulling + starting with optional arguments",
      "halfTimeStartingPose": {
        "translation": [-3.5, -3.06, 0.24],
        "rotation": [0, 0, 1, 1.57]
      },
      "reentryStartingPose": {
        "translation": [-3.5, -3.11, 0.24],
        "rotation": [0, 0, 1, 1.57]
      },
      "shootoutStartingPose": {
        "translation": [2.6, 0, 0.24],
        "rotation": [0, 0, 1, 0]
      },
      "goalKeeperStartingPose": {
        "translation": [-4.47, 0, 0.24],
        "rotation": [0, 0, 1, 0]
      }
    },
    "2": {
      "proto": "RobocupRobot",
      "robotStartCmd": "TODO: docker pulling + starting with optional arguments",
      "halfTimeStartingPose": {
        "translation": [-3.5, 3.06, 0.24],
        "rotation": [0, 0, 1, -1.57]
      },
      "reentryStartingPose": {
        "translation": [-3.5, 3.11, 0.24],
        "rotation": [0, 0, 1, -1.57]
      },
      "shootoutStartingPose": {
        "translation": [2.6, 0, 0.24],
        "rotation": [0, 0, 1, 0]
      },
      "goalKeeperStartingPose": {
        "translation": [-4.47, 0, 0.24],
        "rotation": [0, 0, 1, 0]
      }
    },
    "3": {
      "proto": "RobocupRobot",
      "robotStartCmd": "TODO: docker pulling + starting with optional arguments",
      "halfTimeStartingPose": {
        "translation": [-0.75, -3.06, 0.24],
        "rotation": [0, 0, 1, 1.57]
      },
      "reentryStartingPose": {
        "translation": [-0.75, -3.11, 0.24],
        "rotation": [0, 0, 1, 1.57]
      },
      "shootoutStartingPose": {
        "translation": [2.6, 0, 0.24],
        "rotation": [0, 0, 1, 0]
      },
      "goalKeeperStartingPose": {
        "translation": [-4.47, 0, 0.24],
        "rotation": [0, 0, 1, 0]
      }
    }
  }
}